ASIN List,Batch file
,20260922T214346207Z-9060342d-c0ed-43b7-93ca-04d0ef010574-replacement-0000-000000.csv
,20260922T214346207Z-9060342d-c0ed-43b7-93ca-04d0ef010574-replacement-0000-000001.csv
,20260922T214346207Z-9060342d-c0ed-43b7-93ca-04d0ef010574-replacement-0000-000002.csv
,20260922T214346207Z-9060342d-c0ed-43b7-93ca-04d0ef010574-replacement-0000-000003.csv
,20260922T214346207Z-9060342d-c0ed-43b7-93ca-04d0ef010574-replacement-0000-000004.csv
,20260922T214346207Z-9060342d-c0ed-43b7-93ca-04d0ef010574-replacement-0000-000005.csv
,20260922T214346207Z-9060342d-c0ed-43b7-93ca-04d0ef010574-replacement-0000-000006.csv
,20260922T214346207Z-9060342d-c0ed-43b7-93ca-04d0ef010574-replacement-0000-000007.csv
,20260922T214346207Z-9060342d-c0ed-43b7-93ca-04d0ef010574-replacement-0000-000008.csv
,20260922T214346207Z-9060342d-c0ed-43b7-93ca-04d0ef010574-replacement-0000-000009.csv
,20260922T214346207Z-9060342d-c0ed-43b7-93ca-04d0ef010574-replacement-0000-000010.csv
,20260922T214346207Z-9060342d-c0ed-43b7-93ca-04d0ef010574-replacement-0000-000011.csv
,20260922T214346207Z-9060342d-c0ed-43b7-93ca-04d0ef010574-replacement-0000-000012.csv
,20260922T214346207Z-9060342d-c0ed-43b7-93ca-04d0ef010574-replacement-0000-000013.csv
,20260922T214346207Z-9060342d-c0ed-43b7-93ca-04d0ef010574-replacement-0000-000014.csv
,20260922T214346207Z-9060342d-c0ed-43b7-93ca-04d0ef010574-replacement-0000-000015.csv
,20260922T214346207Z-9060342d-c0ed-43b7-93ca-04d0ef010574-replacement-0000-000016.csv
,20260922T214346207Z-9060342d-c0ed-43b7-93ca-04d0ef010574-replacement-0000-000017.csv
,20260922T214346207Z-9060342d-c0ed-43b7-93ca-04d0ef010574-replacement-0000-000018.csv
,20260922T214346207Z-9060342d-c0ed-43b7-93ca-04d0ef010574-replacement-0000-000019.csv
,20260922T214346207Z-9060342d-c0ed-43b7-93ca-04d0ef010574-replacement-0000-000020.csv
,20260922T214346207Z-9060342d-c0ed-43b7-93ca-04d0ef010574-replacement-0000-000021.csv
,20260922T214346207Z-9060342d-c0ed-43b7-93ca-04d0ef010574-replacement-0000-000022.csv
,20260922T214346207Z-9060342d-c0ed-43b7-93ca-04d0ef010574-replacement-0000-000023.csv
,20260922T214346207Z-9060342d-c0ed-43b7-93ca-04d0ef010574-replacement-0000-000024.csv
,20260922T214346207Z-9060342d-c0ed-43b7-93ca-04d0ef010574-replacement-0000-000025.csv
,20260922T214346207Z-9060342d-c0ed-43b7-93ca-04d0ef010574-replacement-0000-000026.csv
,20260922T214346207Z-9060342d-c0ed-43b7-93ca-04d0ef010574-replacement-0000-000027.csv
,20260922T214346207Z-9060342d-c0ed-43b7-93ca-04d0ef010574-replacement-0000-000028.csv
,20260922T214346207Z-9060342d-c0ed-43b7-93ca-04d0ef010574-replacement-0000-000029.csv
,20260922T214346207Z-9060342d-c0ed-43b7-93ca-04d0ef010574-replacement-0000-000030.csv
,20260922T214346207Z-9060342d-c0ed-43b7-93ca-04d0ef010574-replacement-0000-000031.csv
,20260922T214346207Z-9060342d-c0ed-43b7-93ca-04d0ef010574-replacement-0000-000032.csv
,20260922T214346207Z-9060342d-c0ed-43b7-93ca-04d0ef010574-replacement-0000-000033.csv
,20260922T214346207Z-9060342d-c0ed-43b7-93ca-04d0ef010574-replacement-0001-000000.csv
,20260922T214346207Z-9060342d-c0ed-43b7-93ca-04d0ef010574-replacement-0001-000001.csv
,20260922T214346207Z-9060342d-c0ed-43b7-93ca-04d0ef010574-replacement-0001-000002.csv
,20260922T214346207Z-9060342d-c0ed-43b7-93ca-04d0ef010574-replacement-0001-000003.csv
,20260922T214346207Z-9060342d-c0ed-43b7-93ca-04d0ef010574-replacement-0001-000004.csv
,20260922T214346207Z-9060342d-c0ed-43b7-93ca-04d0ef010574-replacement-0001-000005.csv
,20260922T214346207Z-9060342d-c0ed-43b7-93ca-04d0ef010574-replacement-0001-000006.csv
,20260922T214346207Z-9060342d-c0ed-43b7-93ca-04d0ef010574-replacement-0001-000007.csv
,20260922T214346207Z-9060342d-c0ed-43b7-93ca-04d0ef010574-replacement-0001-000008.csv
,20260922T214346207Z-9060342d-c0ed-43b7-93ca-04d0ef010574-replacement-0001-000009.csv
,20260922T214346207Z-9060342d-c0ed-43b7-93ca-04d0ef010574-replacement-0001-000010.csv
,20260922T214346207Z-9060342d-c0ed-43b7-93ca-04d0ef010574-replacement-0001-000011.csv
,20260922T214346207Z-9060342d-c0ed-43b7-93ca-04d0ef010574-replacement-0001-000012.csv
,20260922T214346207Z-9060342d-c0ed-43b7-93ca-04d0ef010574-replacement-0001-000013.csv
,20260922T214346207Z-9060342d-c0ed-43b7-93ca-04d0ef010574-replacement-0001-000014.csv
,20260922T214346207Z-9060342d-c0ed-43b7-93ca-04d0ef010574-replacement-0001-000015.csv
,20260922T214346207Z-9060342d-c0ed-43b7-93ca-04d0ef010574-replacement-0001-000016.csv
,20260922T214346207Z-9060342d-c0ed-43b7-93ca-04d0ef010574-replacement-0001-000017.csv
,20260922T214346207Z-9060342d-c0ed-43b7-93ca-04d0ef010574-replacement-0001-000018.csv
,20260922T214346207Z-9060342d-c0ed-43b7-93ca-04d0ef010574-replacement-0001-000019.csv
,20260922T214346207Z-9060342d-c0ed-43b7-93ca-04d0ef010574-replacement-0001-000020.csv
,20260922T214346207Z-9060342d-c0ed-43b7-93ca-04d0ef010574-replacement-0001-000021.csv
,20260922T214346207Z-9060342d-c0ed-43b7-93ca-04d0ef010574-replacement-0001-000022.csv
,20260922T214346207Z-9060342d-c0ed-43b7-93ca-04d0ef010574-replacement-0001-000023.csv
,20260922T214346207Z-9060342d-c0ed-43b7-93ca-04d0ef010574-replacement-0001-000024.csv
,20260922T214346207Z-9060342d-c0ed-43b7-93ca-04d0ef010574-replacement-0001-000025.csv
,20260922T214346207Z-9060342d-c0ed-43b7-93ca-04d0ef010574-replacement-0001-000026.csv
,20260922T214346207Z-9060342d-c0ed-43b7-93ca-04d0ef010574-replacement-0001-000027.csv
,20260922T214346207Z-9060342d-c0ed-43b7-93ca-04d0ef010574-replacement-0001-000028.csv
,20260922T214346207Z-9060342d-c0ed-43b7-93ca-04d0ef010574-replacement-0001-000029.csv
,20260922T214346207Z-9060342d-c0ed-43b7-93ca-04d0ef010574-replacement-0001-000030.csv
,20260922T214346207Z-9060342d-c0ed-43b7-93ca-04d0ef010574-replacement-0001-000031.csv
,20260922T214346207Z-9060342d-c0ed-43b7-93ca-04d0ef010574-replacement-0001-000032.csv
,20260922T214346207Z-9060342d-c0ed-43b7-93ca-04d0ef010574-replacement-0001-000033.csv
,20260922T214346207Z-9060342d-c0ed-43b7-93ca-04d0ef010574-replacement-0001-000034.csv
,20260922T214346207Z-9060342d-c0ed-43b7-93ca-04d0ef010574-replacement-0001-000035.csv
,20260922T214346207Z-9060342d-c0ed-43b7-93ca-04d0ef010574-replacement-0001-000036.csv
,20260922T214346207Z-9060342d-c0ed-43b7-93ca-04d0ef010574-replacement-0001-000037.csv
,20260922T214346207Z-9060342d-c0ed-43b7-93ca-04d0ef010574-replacement-0002-000000.csv
,20260922T214346207Z-9060342d-c0ed-43b7-93ca-04d0ef010574-replacement-0002-000001.csv
,20260922T214346207Z-9060342d-c0ed-43b7-93ca-04d0ef010574-replacement-0002-000002.csv
,20260922T214346207Z-9060342d-c0ed-43b7-93ca-04d0ef010574-replacement-0002-000003.csv
,20260922T214346207Z-9060342d-c0ed-43b7-93ca-04d0ef010574-replacement-0002-000004.csv
,20260922T214346207Z-9060342d-c0ed-43b7-93ca-04d0ef010574-replacement-0002-000005.csv
,20260922T214346207Z-9060342d-c0ed-43b7-93ca-04d0ef010574-replacement-0002-000006.csv
,20260922T214346207Z-9060342d-c0ed-43b7-93ca-04d0ef010574-replacement-0002-000007.csv
,20260922T214346207Z-9060342d-c0ed-43b7-93ca-04d0ef010574-replacement-0002-000008.csv
,20260922T214346207Z-9060342d-c0ed-43b7-93ca-04d0ef010574-replacement-0002-000009.csv
,20260922T214346207Z-9060342d-c0ed-43b7-93ca-04d0ef010574-replacement-0002-000010.csv
,20260922T214346207Z-9060342d-c0ed-43b7-93ca-04d0ef010574-replacement-0002-000011.csv
,20260922T214346207Z-9060342d-c0ed-43b7-93ca-04d0ef010574-replacement-0002-000012.csv
,20260922T214346207Z-9060342d-c0ed-43b7-93ca-04d0ef010574-replacement-0002-000013.csv
,20260922T214346207Z-9060342d-c0ed-43b7-93ca-04d0ef010574-replacement-0002-000014.csv
,20260922T214346207Z-9060342d-c0ed-43b7-93ca-04d0ef010574-replacement-0002-000015.csv
,20260922T214346207Z-9060342d-c0ed-43b7-93ca-04d0ef010574-replacement-0002-000016.csv
,20260922T214346207Z-9060342d-c0ed-43b7-93ca-04d0ef010574-replacement-0002-000017.csv
,20260922T214346207Z-9060342d-c0ed-43b7-93ca-04d0ef010574-replacement-0002-000018.csv
,20260922T214346207Z-9060342d-c0ed-43b7-93ca-04d0ef010574-replacement-0002-000019.csv
,20260922T214346207Z-9060342d-c0ed-43b7-93ca-04d0ef010574-replacement-0003-000000.csv
,20260922T214346207Z-9060342d-c0ed-43b7-93ca-04d0ef010574-replacement-0003-000001.csv
,20260922T214346207Z-9060342d-c0ed-43b7-93ca-04d0ef010574-replacement-0003-000002.csv
,20260922T214346207Z-9060342d-c0ed-43b7-93ca-04d0ef010574-replacement-0003-000003.csv
,20260922T214346207Z-9060342d-c0ed-43b7-93ca-04d0ef010574-replacement-0003-000004.csv
,20260922T214346207Z-9060342d-c0ed-43b7-93ca-04d0ef010574-replacement-0003-000005.csv
,20260922T214346207Z-9060342d-c0ed-43b7-93ca-04d0ef010574-replacement-0003-000006.csv
,20260922T214346207Z-9060342d-c0ed-43b7-93ca-04d0ef010574-replacement-0003-000007.csv
,20260922T214346207Z-9060342d-c0ed-43b7-93ca-04d0ef010574-replacement-0003-000008.csv
,20260922T214346207Z-9060342d-c0ed-43b7-93ca-04d0ef010574-replacement-0003-000009.csv
,20260922T214346207Z-9060342d-c0ed-43b7-93ca-04d0ef010574-replacement-0003-000010.csv
,20260922T214346207Z-9060342d-c0ed-43b7-93ca-04d0ef010574-replacement-0003-000011.csv
,20260922T214346207Z-9060342d-c0ed-43b7-93ca-04d0ef010574-replacement-0003-000012.csv
,20260922T214346207Z-9060342d-c0ed-43b7-93ca-04d0ef010574-replacement-0003-000013.csv
,20260922T214346207Z-9060342d-c0ed-43b7-93ca-04d0ef010574-replacement-0003-000014.csv
,20260922T214346207Z-9060342d-c0ed-43b7-93ca-04d0ef010574-replacement-0003-000015.csv
,20260922T214346207Z-9060342d-c0ed-43b7-93ca-04d0ef010574-replacement-0003-000016.csv
,20260922T214346207Z-9060342d-c0ed-43b7-93ca-04d0ef010574-replacement-0004-000000.csv
,20260922T214346207Z-9060342d-c0ed-43b7-93ca-04d0ef010574-replacement-0004-000001.csv
,20260922T214346207Z-9060342d-c0ed-43b7-93ca-04d0ef010574-replacement-0004-000002.csv
,20260922T214346207Z-9060342d-c0ed-43b7-93ca-04d0ef010574-replacement-0004-000003.csv
,20260922T214346207Z-9060342d-c0ed-43b7-93ca-04d0ef010574-replacement-0004-000004.csv
,20260922T214346207Z-9060342d-c0ed-43b7-93ca-04d0ef010574-replacement-0004-000005.csv
,20260922T214346207Z-9060342d-c0ed-43b7-93ca-04d0ef010574-replacement-0004-000006.csv
,20260922T214346207Z-9060342d-c0ed-43b7-93ca-04d0ef010574-replacement-0004-000007.csv
,20260922T214346207Z-9060342d-c0ed-43b7-93ca-04d0ef010574-replacement-0004-000008.csv
,20260922T214346207Z-9060342d-c0ed-43b7-93ca-04d0ef010574-replacement-0004-000009.csv
,20260922T214346207Z-9060342d-c0ed-43b7-93ca-04d0ef010574-replacement-0004-000010.csv
,20260922T214346207Z-9060342d-c0ed-43b7-93ca-04d0ef010574-replacement-0004-000011.csv
,20260922T214346207Z-9060342d-c0ed-43b7-93ca-04d0ef010574-replacement-0004-000012.csv
,20260922T214346207Z-9060342d-c0ed-43b7-93ca-04d0ef010574-replacement-0004-000013.csv
,20260922T214346207Z-9060342d-c0ed-43b7-93ca-04d0ef010574-replacement-0004-000014.csv
,20260922T214346207Z-9060342d-c0ed-43b7-93ca-04d0ef010574-replacement-0004-000015.csv
,20260922T214346207Z-9060342d-c0ed-43b7-93ca-04d0ef010574-replacement-0004-000016.csv
,20260922T214346207Z-9060342d-c0ed-43b7-93ca-04d0ef010574-replacement-0005-000000.csv
,20260922T214346207Z-9060342d-c0ed-43b7-93ca-04d0ef010574-replacement-0005-000001.csv
,20260922T214346207Z-9060342d-c0ed-43b7-93ca-04d0ef010574-replacement-0005-000002.csv
,20260922T214346207Z-9060342d-c0ed-43b7-93ca-04d0ef010574-replacement-0005-000003.csv
,20260922T214346207Z-9060342d-c0ed-43b7-93ca-04d0ef010574-replacement-0005-000004.csv
,20260922T214346207Z-9060342d-c0ed-43b7-93ca-04d0ef010574-replacement-0005-000005.csv
,20260922T214346207Z-9060342d-c0ed-43b7-93ca-04d0ef010574-replacement-0005-000006.csv
,20260922T214346207Z-9060342d-c0ed-43b7-93ca-04d0ef010574-replacement-0005-000007.csv
,20260922T214346207Z-9060342d-c0ed-43b7-93ca-04d0ef010574-replacement-0005-000008.csv
,20260922T214346207Z-9060342d-c0ed-43b7-93ca-04d0ef010574-replacement-0005-000009.csv
,20260922T214346207Z-9060342d-c0ed-43b7-93ca-04d0ef010574-replacement-0005-000010.csv
,20260922T214346207Z-9060342d-c0ed-43b7-93ca-04d0ef010574-replacement-0005-000011.csv
,20260922T214346207Z-9060342d-c0ed-43b7-93ca-04d0ef010574-replacement-0005-000012.csv
,20260922T214346207Z-9060342d-c0ed-43b7-93ca-04d0ef010574-replacement-0005-000013.csv
,20260922T214346207Z-9060342d-c0ed-43b7-93ca-04d0ef010574-replacement-0005-000014.csv
,20260922T214346207Z-9060342d-c0ed-43b7-93ca-04d0ef010574-replacement-0005-000015.csv
,20260922T214346207Z-9060342d-c0ed-43b7-93ca-04d0ef010574-replacement-0006-000000.csv
,20260922T214346207Z-9060342d-c0ed-43b7-93ca-04d0ef010574-replacement-0006-000001.csv
,20260922T214346207Z-9060342d-c0ed-43b7-93ca-04d0ef010574-replacement-0006-000002.csv
,20260922T214346207Z-9060342d-c0ed-43b7-93ca-04d0ef010574-replacement-0006-000003.csv
,20260922T214346207Z-9060342d-c0ed-43b7-93ca-04d0ef010574-replacement-0006-000004.csv
,20260922T214346207Z-9060342d-c0ed-43b7-93ca-04d0ef010574-replacement-0006-000005.csv
,20260922T214346207Z-9060342d-c0ed-43b7-93ca-04d0ef010574-replacement-0006-000006.csv
,20260922T214346207Z-9060342d-c0ed-43b7-93ca-04d0ef010574-replacement-0006-000007.csv
,20260922T214346207Z-9060342d-c0ed-43b7-93ca-04d0ef010574-replacement-0006-000008.csv
,20260922T214346207Z-9060342d-c0ed-43b7-93ca-04d0ef010574-replacement-0006-000009.csv
,20260922T214346207Z-9060342d-c0ed-43b7-93ca-04d0ef010574-replacement-0006-000010.csv
,20260922T214346207Z-9060342d-c0ed-43b7-93ca-04d0ef010574-replacement-0006-000011.csv
,20260922T214346207Z-9060342d-c0ed-43b7-93ca-04d0ef010574-replacement-0006-000012.csv
,20260922T214346207Z-9060342d-c0ed-43b7-93ca-04d0ef010574-replacement-0006-000013.csv
,20260922T214346207Z-9060342d-c0ed-43b7-93ca-04d0ef010574-replacement-0006-000014.csv
,20260922T214346207Z-9060342d-c0ed-43b7-93ca-04d0ef010574-replacement-0006-000015.csv
,20260922T214346207Z-9060342d-c0ed-43b7-93ca-04d0ef010574-replacement-0006-000016.csv
,20260922T214346207Z-9060342d-c0ed-43b7-93ca-04d0ef010574-replacement-0007-000000.csv
,20260922T214346207Z-9060342d-c0ed-43b7-93ca-04d0ef010574-replacement-0007-000001.csv
,20260922T214346207Z-9060342d-c0ed-43b7-93ca-04d0ef010574-replacement-0007-000002.csv
,20260922T214346207Z-9060342d-c0ed-43b7-93ca-04d0ef010574-replacement-0007-000003.csv
,20260922T214346207Z-9060342d-c0ed-43b7-93ca-04d0ef010574-replacement-0007-000004.csv
,20260922T214346207Z-9060342d-c0ed-43b7-93ca-04d0ef010574-replacement-0007-000005.csv
,20260922T214346207Z-9060342d-c0ed-43b7-93ca-04d0ef010574-replacement-0007-000006.csv
,20260922T214346207Z-9060342d-c0ed-43b7-93ca-04d0ef010574-replacement-0007-000007.csv
,20260922T214346207Z-9060342d-c0ed-43b7-93ca-04d0ef010574-replacement-0007-000008.csv
,20260922T214346207Z-9060342d-c0ed-43b7-93ca-04d0ef010574-replacement-0007-000009.csv
,20260922T214346207Z-9060342d-c0ed-43b7-93ca-04d0ef010574-replacement-0007-000010.csv
,20260922T214346207Z-9060342d-c0ed-43b7-93ca-04d0ef010574-replacement-0007-000011.csv
,20260922T214346207Z-9060342d-c0ed-43b7-93ca-04d0ef010574-replacement-0007-000012.csv
,20260922T214346207Z-9060342d-c0ed-43b7-93ca-04d0ef010574-replacement-0007-000013.csv
,20260922T214346207Z-9060342d-c0ed-43b7-93ca-04d0ef010574-replacement-0007-000014.csv
,20260922T214346207Z-9060342d-c0ed-43b7-93ca-04d0ef010574-replacement-0008-000000.csv
,20260922T214346207Z-9060342d-c0ed-43b7-93ca-04d0ef010574-replacement-0008-000001.csv
,20260922T214346207Z-9060342d-c0ed-43b7-93ca-04d0ef010574-replacement-0008-000002.csv
,20260922T214346207Z-9060342d-c0ed-43b7-93ca-04d0ef010574-replacement-0008-000003.csv
,20260922T214346207Z-9060342d-c0ed-43b7-93ca-04d0ef010574-replacement-0008-000004.csv
,20260922T214346207Z-9060342d-c0ed-43b7-93ca-04d0ef010574-replacement-0008-000005.csv
,20260922T214346207Z-9060342d-c0ed-43b7-93ca-04d0ef010574-replacement-0008-000006.csv
,20260922T214346207Z-9060342d-c0ed-43b7-93ca-04d0ef010574-replacement-0008-000007.csv
,20260922T214346207Z-9060342d-c0ed-43b7-93ca-04d0ef010574-replacement-0008-000008.csv
,20260922T214346207Z-9060342d-c0ed-43b7-93ca-04d0ef010574-replacement-0008-000009.csv
,20260922T214346207Z-9060342d-c0ed-43b7-93ca-04d0ef010574-replacement-0008-000010.csv
,20260922T214346207Z-9060342d-c0ed-43b7-93ca-04d0ef010574-replacement-0008-000011.csv
,20260922T214346207Z-9060342d-c0ed-43b7-93ca-04d0ef010574-replacement-0008-000012.csv
,20260922T214346207Z-9060342d-c0ed-43b7-93ca-04d0ef010574-replacement-0008-000013.csv
